page_size,write_time,read_time 
1105,15560283,1154591
2205,10395471,1218434
3305,8929781,1084732
4405,8547919,1163548
6605,6649248,1223051
8805,5912479,1141278
13206,5032581,1135051
17606,4684233,1129309
26407,4258901,1128776
35208,4242588,1115847
52810,3781146,1108363
70412,4375924,1040134
105616,3631375,1068868
140820,3503941,1026743
211228,3429722,1035228
281636,3423444,1025763
422452,3232473,1014162
563268,3039566,1006432
844900,2832770,1014233
1126532,2771429,993565
1689796,2661304,1003259
2253060,2761271,989596
3379588,2804774,1007923
4506116,3018441,993611
6759172,3067510,997234
9012228,3428077,982745
13518340,3967213,1004486